{
  "latency_samples_ms": [
    43.69330406188965,
    4.784345626831055,
    5.350589752197266,
    5.739688873291016,
    4.924535751342773
  ],
  "latency_avg_ms": 12.898492813110352,
  "latency_max_ms": 43.69330406188965,
  "active_alerts": [],
  "market_state": "{\"symbol\": \"BTCUSDT\", \"rest_price\": 62570.9, \"depth_mid\": 62571.994999999995, \"pct_diff\": 0.0017500147832201361, \"threshold_pct\": 0.5, \"bot_mark\": null, \"at\": \"2026-07-04T12:27:03.712638+00:00\"}"
}